feature,coefficient
share,1.760817859274891
shock,1.3425512611014576
evidence,1.2430651973282965
truth,1.2273448339017698
shock world,1.0750932470437824
plan,1.025602523532579
document,1.025602523532579
reveal,0.9700150412931992
catch,0.962987992227315
secretly,0.9520596553049651
medium,0.8987853687927164
reveals truth,0.8855820467023442
reveals,0.8855820467023442
doctor,0.8799002844788608
cause,0.8636730269886639
nasa discover,0.7332308269836055
solar,0.7332308269836055
solar shock,0.7332308269836055
nasa,0.7332308269836055
edge,0.7332308269836055
change nasa,0.7332308269836055
change,0.7332308269836055
discover edge,0.7332308269836055
edge solar,0.7332308269836055
world,0.6797194058418444
money safe,0.6731000277529758
money,0.6731000277529758
account official,0.6731000277529758
safe,0.6731000277529758
safe government,0.6731000277529758
official document,0.6731000277529758
plan confiscate,0.6731000277529758
bank account,0.6731000277529758
document leak,0.6731000277529758
account,0.6731000277529758
leak,0.6731000277529758
confiscate,0.6731000277529758
confiscate bank,0.6731000277529758
government plan,0.6731000277529758
evidence share,0.6275266226356565
damn,0.6089056453732717
network,0.6089056453732717
catch fabricate,0.6089056453732717
whistleblower,0.6089056453732717
whistleblower release,0.6089056453732717
fabricate,0.6089056453732717
fabricate story,0.6089056453732717
release damn,0.6089056453732717
damn evidence,0.6089056453732717
network catch,0.6089056453732717
major,0.6089056453732717
year whistleblower,0.6089056453732717
trend major,0.6089056453732717
trend,0.6089056453732717
story year,0.6089056453732717
story,0.6089056453732717
major network,0.6089056453732717
immediately,0.6088828817065568
note,0.6088828817065568
note tomorrow,0.6088828817065568
demonetize note,0.6088828817065568
immediately lose,0.6088828817065568
convert cash,0.6088828817065568
convert,0.6088828817065568
cash immediately,0.6088828817065568
lose,0.6088828817065568
demonetize,0.6088828817065568
cash,0.6088828817065568
rbi,0.6088828817065568
alert,0.6088828817065568
alert rbi,0.6088828817065568
tomorrow,0.6088828817065568
secretly demonetize,0.6088828817065568
rbi secretly,0.6088828817065568
tomorrow convert,0.6088828817065568
foreign,0.6074010208225123
power,0.6074010208225123
conspiracy,0.6074010208225123
conspiracy reveal,0.6074010208225123
control,0.6074010208225123
control indian,0.6074010208225123
power control,0.6074010208225123
indian politician,0.6074010208225123
indian,0.6074010208225123
foreign power,0.6074010208225123
politician,0.6074010208225123
politician blackmail,0.6074010208225123
reveal foreign,0.6074010208225123
blackmail,0.6074010208225123
blackmail truth,0.6074010208225123
truth dont,0.6074010208225123
dont,0.6074010208225123
aicontrolled robot,0.5565718904303181
aicontrolled,0.5565718904303181
intelligence,0.5565718904303181
leader,0.5565718904303181
leader actually,0.5565718904303181
world leader,0.5565718904303181
actually aicontrolled,0.5565718904303181
actually,0.5565718904303181
intelligence officer,0.5565718904303181
officer reveals,0.5565718904303181
robot,0.5565718904303181
officer,0.5565718904303181
robot intelligence,0.5565718904303181
break,0.5562552341228376
compromise,0.5562552341228376
commission compromise,0.5562552341228376
reveal massive,0.5562552341228376
plan share,0.5562552341228376
vote manipulation,0.5562552341228376
document reveal,0.5562552341228376
massive vote,0.5562552341228376
secret,0.5562552341228376
manipulation,0.5562552341228376
share delete,0.5562552341228376
compromise secret,0.5562552341228376
delete,0.5562552341228376
massive,0.5562552341228376
manipulation plan,0.5562552341228376
break election,0.5562552341228376
secret document,0.5562552341228376
eliminate cancer,0.5480625957035788
trick watch,0.5480625957035788
doctor hate,0.5480625957035788
watch,0.5480625957035788
eliminate,0.5480625957035788
day,0.5480625957035788
day doctor,0.5480625957035788
hate,0.5480625957035788
cancer,0.5480625957035788
ancient herb,0.5480625957035788
ancient,0.5480625957035788
miracle cure,0.5480625957035788
cure ancient,0.5480625957035788
cure,0.5480625957035788
hate simple,0.5480625957035788
simple,0.5480625957035788
simple trick,0.5480625957035788
cancer day,0.5480625957035788
herb,0.5480625957035788
herb eliminate,0.5480625957035788
trick,0.5480625957035788
miracle,0.5480625957035788
protect,0.5419829045347991
protect evidence,0.5419829045347991
traffic,0.5419829045347991
inside,0.5419829045347991
human traffic,0.5419829045347991
traffic ring,0.5419829045347991
mainstream,0.5419829045347991
human,0.5419829045347991
evidence inside,0.5419829045347991
ring,0.5419829045347991
expose,0.5419829045347991
expose celebrity,0.5419829045347991
ring mainstream,0.5419829045347991
mainstream medium,0.5419829045347991
medium protect,0.5419829045347991
celebrity,0.5419829045347991
catch human,0.5419829045347991
celebrity catch,0.5419829045347991
sign away,0.5343244683326189
shock exposure,0.5343244683326189
away,0.5343244683326189
away indias,0.5343244683326189
secretly sign,0.5343244683326189
hidden,0.5343244683326189
prime,0.5343244683326189
prime minister,0.5343244683326189
sovereignty hidden,0.5343244683326189
exposure,0.5343244683326189
exposure prime,0.5343244683326189
minister secretly,0.5343244683326189
medium wont,0.5343244683326189
indias sovereignty,0.5343244683326189
indias,0.5343244683326189
sovereignty,0.5343244683326189
hidden treaty,0.5343244683326189
treaty,0.5343244683326189
treaty medium,0.5343244683326189
wont,0.5343244683326189
tower,0.5292799639142834
prove tower,0.5292799639142834
government cover,0.5292799639142834
cover evidence,0.5292799639142834
cover,0.5292799639142834
new study,0.5292799639142834
warn new,0.5292799639142834
study prove,0.5292799639142834
cause brain,0.5292799639142834
brain tumor,0.5292799639142834
brain,0.5292799639142834
prove,0.5292799639142834
warn,0.5292799639142834
awareness,0.5292799639142834
spread awareness,0.5292799639142834
tumor government,0.5292799639142834
tumor,0.5292799639142834
spread,0.5292799639142834
share spread,0.5292799639142834
tower cause,0.5292799639142834
urgent admits,0.5070134035708993
covid vaccine,0.5070134035708993
admits,0.5070134035708993
admits covid,0.5070134035708993
dna,0.5070134035708993
dna mutation,0.5070134035708993
mutation,0.5070134035708993
mutation doctor,0.5070134035708993
big pharma,0.5070134035708993
permanent,0.5070134035708993
permanent dna,0.5070134035708993
pharma,0.5070134035708993
truth big,0.5070134035708993
doctor reveals,0.5070134035708993
cause permanent,0.5070134035708993
vaccine cause,0.5070134035708993
urgent,0.5070134035708993
vaccine,0.5070134035708993
big,0.5070134035708993
lose confirmed,0.4783613556025119
confirmed,0.4783613556025119
pharma hiding,0.3965341335390467
hiding,0.3965341335390467
discover,0.2760812127753103
world share,0.2538689921687932
bank,0.24265478269840202
confirm share,0.21605583352112578
lose confirm,0.21605583352112578
delete share,0.2105519808748278
leak share,0.20626164010792788
wont share,0.19840946895442754
sign,0.19819797953352306
awareness share,0.19723511972503494
dont share,0.19658838517026053
inside share,0.1930640483521806
watch share,0.19023674280548938
hide,0.18290828168895507
hide share,0.18290828168895507
pharma hide,0.18290828168895507
truth share,0.17819849804014612
year,0.1561604188397807
minister,0.14812785158289032
vote,0.13443142627934185
election commission,0.13443142627934185
covid,0.11052778278383445
government,0.10624875889164608
study,0.07333430454208932
release world,-0.04751868899146746
data microsoft,-0.05083696943121902
source official,-0.05122682618137912
data central,-0.05293851882746815
state official,-0.05506775643024932
source world,-0.05686594261093502
data international,-0.05733222370462764
release team,-0.058872785291982664
source reserve,-0.05977767312429678
data finance,-0.05992727043568339
source stock,-0.06054733428146718
data study,-0.060869379278513866
source finance,-0.0611283676877499
state team,-0.06225969819997818
source election,-0.06266355504426264
data team,-0.06275625027146765
release official,-0.06350730810483142
release reserve,-0.06378056472659326
release microsoft,-0.06405553968059056
release study,-0.06412364259593493
release stock,-0.06496313327849482
state world,-0.06553552490729765
state study,-0.06616510871002922
data world,-0.06689026632279221
release scientist,-0.06702061251467388
data official,-0.06736805389172118
release finance,-0.06740620278056861
release isro,-0.06749183506772106
release election,-0.07018155565104449
source central,-0.07122020940301944
data scientist,-0.0713792777624554
data isro,-0.07209559673466442
state finance,-0.07213920292248045
release central,-0.07230153740765669
source scientist,-0.07288561708183129
state university,-0.07345250017050338
state central,-0.07373304635568743
source international,-0.0738091325728544
source isro,-0.0738156616399726
state isro,-0.07422700844264085
source university,-0.07498055744659947
data reserve,-0.07668925653879717
source team,-0.07669046119081954
data stock,-0.07709579148925512
source study,-0.0789156826969516
data university,-0.07895008429782602
state scientist,-0.07974254003205068
state election,-0.08056550809289562
data election,-0.08501650516333543
state stock,-0.08601798035049595
state international,-0.0875250053255609
state reserve,-0.09063436664894531
release university,-0.09321873806074917
source microsoft,-0.09395970948499109
release international,-0.09580618957260849
release ministry,-0.0972980968992287
state microsoft,-0.09800095099316453
election,-0.1060452997539094
source ministry,-0.10746187711068036
data ministry,-0.12833849223742108
state ministry,-0.14181808708150542
confirm,-0.2126294802370006
commission,-0.21824198733752884
official,-0.27007601126344116
ministry external,-0.3452040025057938
external affair,-0.3452040025057938
external,-0.3452040025057938
affair india,-0.3452040025057938
state sign,-0.3452040025057938
agreement,-0.3452040025057938
sign new,-0.3452040025057938
india united,-0.3452040025057938
strengthen,-0.3452040025057938
strengthen bilateral,-0.3452040025057938
tie,-0.3452040025057938
defense agreement,-0.3452040025057938
aim strengthen,-0.3452040025057938
aim,-0.3452040025057938
new defense,-0.3452040025057938
agreement aim,-0.3452040025057938
united,-0.3452040025057938
affair,-0.3452040025057938
bilateral,-0.3452040025057938
united state,-0.3452040025057938
bilateral tie,-0.3452040025057938
defense,-0.3452040025057938
data release,-0.38903667461725044
expectation,-0.38903667461725044
quarter,-0.38903667461725044
quarter beat,-0.38903667461725044
grow quarter,-0.38903667461725044
release today,-0.38903667461725044
beat market,-0.38903667461725044
beat,-0.38903667461725044
today india,-0.38903667461725044
official government,-0.38903667461725044
grow,-0.38903667461725044
gdp grow,-0.38903667461725044
india gdp,-0.38903667461725044
market expectation,-0.38903667461725044
gdp,-0.38903667461725044
sector todays,-0.39200348950334174
stimulus,-0.39200348950334174
msme,-0.39200348950334174
msme sector,-0.39200348950334174
finance,-0.39200348950334174
stimulus package,-0.39200348950334174
crore stimulus,-0.39200348950334174
sector,-0.39200348950334174
todays,-0.39200348950334174
todays press,-0.39200348950334174
announce crore,-0.39200348950334174
crore,-0.39200348950334174
minister nirmala,-0.39200348950334174
finance minister,-0.39200348950334174
package msme,-0.39200348950334174
sitharaman announce,-0.39200348950334174
nirmala sitharaman,-0.39200348950334174
nirmala,-0.39200348950334174
sitharaman,-0.39200348950334174
press conference,-0.39200348950334174
conference,-0.39200348950334174
package,-0.39200348950334174
compare previous,-0.4024935182768772
compare,-0.4024935182768772
reduce severity,-0.4024935182768772
previous,-0.4024935182768772
severity compare,-0.4024935182768772
confirm new,-0.4024935182768772
strain base,-0.4024935182768772
covid variant,-0.4024935182768772
severity,-0.4024935182768772
base preliminary,-0.4024935182768772
base,-0.4024935182768772
previous strain,-0.4024935182768772
reduce,-0.4024935182768772
strain,-0.4024935182768772
variant reduce,-0.4024935182768772
new covid,-0.4024935182768772
variant,-0.4024935182768772
world health,-0.4024935182768772
health organization,-0.4024935182768772
organization,-0.4024935182768772
organization confirm,-0.4024935182768772
preliminary,-0.4024935182768772
preliminary data,-0.4024935182768772
inflation,-0.4216360904224318
repo rate,-0.4216360904224318
concern,-0.4216360904224318
repo,-0.4216360904224318
global economic,-0.4216360904224318
india repo,-0.4216360904224318
inflation global,-0.4216360904224318
global,-0.4216360904224318
reserve,-0.4216360904224318
reserve bank,-0.4216360904224318
concern inflation,-0.4216360904224318
economic uncertainty,-0.4216360904224318
economic,-0.4216360904224318
unchanged cite,-0.4216360904224318
bank india,-0.4216360904224318
cite concern,-0.4216360904224318
rate unchanged,-0.4216360904224318
rate,-0.4216360904224318
cite,-0.4216360904224318
uncertainty,-0.4216360904224318
unchanged,-0.4216360904224318
february,-0.42729929118812954
secondary education,-0.42729929118812954
exams,-0.42729929118812954
secondary,-0.42729929118812954
central board,-0.42729929118812954
begin,-0.42729929118812954
begin february,-0.42729929118812954
class,-0.42729929118812954
exams begin,-0.42729929118812954
class board,-0.42729929118812954
central,-0.42729929118812954
announce class,-0.42729929118812954
education announce,-0.42729929118812954
board secondary,-0.42729929118812954
board exams,-0.42729929118812954
start,-0.4273389360705835
seven,-0.4273389360705835
seven phase,-0.4273389360705835
upcoming,-0.4273389360705835
election place,-0.4273389360705835
announce vote,-0.4273389360705835
assembly,-0.4273389360705835
upcoming state,-0.4273389360705835
place seven,-0.4273389360705835
phase,-0.4273389360705835
state assembly,-0.4273389360705835
vote upcoming,-0.4273389360705835
commission announce,-0.4273389360705835
month,-0.4273389360705835
start month,-0.4273389360705835
phase start,-0.4273389360705835
assembly election,-0.4273389360705835
place,-0.4273389360705835
series finale,-0.431716893982808
series,-0.431716893982808
trophy,-0.431716893982808
australia,-0.431716893982808
thrill series,-0.431716893982808
thrill,-0.431716893982808
defeat australia,-0.431716893982808
wicket thrill,-0.431716893982808
defeat,-0.431716893982808
team india,-0.431716893982808
team,-0.431716893982808
wicket,-0.431716893982808
india defeat,-0.431716893982808
win,-0.431716893982808
win bordergavaskar,-0.431716893982808
australia wicket,-0.431716893982808
finale win,-0.431716893982808
bordergavaskar,-0.431716893982808
finale,-0.431716893982808
bordergavaskar trophy,-0.431716893982808
record,-0.43777432057265925
point,-0.43777432057265925
history,-0.43777432057265925
high today,-0.43777432057265925
high,-0.43777432057265925
close record,-0.43777432057265925
point history,-0.43777432057265925
market close,-0.43777432057265925
cross,-0.43777432057265925
close,-0.43777432057265925
sensex,-0.43777432057265925
cross point,-0.43777432057265925
record high,-0.43777432057265925
stock market,-0.43777432057265925
stock,-0.43777432057265925
sensex cross,-0.43777432057265925
today sensex,-0.43777432057265925
publish nature,-0.4404695414215716
nature astronomy,-0.4404695414215716
exoplanet,-0.4404695414215716
nature,-0.4404695414215716
exoplanet habitable,-0.4404695414215716
star,-0.4404695414215716
new exoplanet,-0.4404695414215716
habitable zone,-0.4404695414215716
habitable,-0.4404695414215716
discover new,-0.4404695414215716
zone,-0.4404695414215716
star research,-0.4404695414215716
zone star,-0.4404695414215716
research publish,-0.4404695414215716
research,-0.4404695414215716
scientist,-0.4404695414215716
scientist discover,-0.4404695414215716
astronomy,-0.4404695414215716
health report,-0.4502170827164968
report,-0.4502170827164968
report vaccination,-0.4502170827164968
adult country,-0.4502170827164968
adult,-0.4502170827164968
coverage reach,-0.4502170827164968
vaccination,-0.4502170827164968
reach eligible,-0.4502170827164968
ministry health,-0.4502170827164968
reach,-0.4502170827164968
eligible,-0.4502170827164968
eligible adult,-0.4502170827164968
country,-0.4502170827164968
vaccination coverage,-0.4502170827164968
coverage,-0.4502170827164968
microsoft,-0.4506843992391589
compute,-0.4506843992391589
billion,-0.4506843992391589
expand,-0.4506843992391589
infrastructure,-0.4506843992391589
infrastructure year,-0.4506843992391589
microsoft announce,-0.4506843992391589
india expand,-0.4506843992391589
cloud,-0.4506843992391589
cloud compute,-0.4506843992391589
investment,-0.4506843992391589
investment india,-0.4506843992391589
expand cloud,-0.4506843992391589
billion investment,-0.4506843992391589
announce billion,-0.4506843992391589
compute infrastructure,-0.4506843992391589
los angeles,-0.45755632921315376
include,-0.45755632921315376
include los,-0.45755632921315376
announce cricket,-0.45755632921315376
cricket,-0.45755632921315376
angeles olympics,-0.45755632921315376
angeles,-0.45755632921315376
cricket include,-0.45755632921315376
los,-0.45755632921315376
olympics,-0.45755632921315376
committee announce,-0.45755632921315376
olympic,-0.45755632921315376
olympic committee,-0.45755632921315376
international olympic,-0.45755632921315376
international,-0.45755632921315376
committee,-0.45755632921315376
risk,-0.4620359452557049
exercise reduces,-0.4620359452557049
lancet medical,-0.4620359452557049
lancet,-0.4620359452557049
journal regular,-0.4620359452557049
journal,-0.4620359452557049
heart disease,-0.4620359452557049
medical,-0.4620359452557049
disease,-0.4620359452557049
study publish,-0.4620359452557049
regular,-0.4620359452557049
exercise,-0.4620359452557049
risk heart,-0.4620359452557049
reduces,-0.4620359452557049
publish lancet,-0.4620359452557049
heart,-0.4620359452557049
reduces risk,-0.4620359452557049
medical journal,-0.4620359452557049
regular exercise,-0.4620359452557049
grant commission,-0.4624233686828471
university,-0.4624233686828471
grant,-0.4624233686828471
examination standard,-0.4624233686828471
education examination,-0.4624233686828471
examination,-0.4624233686828471
new guideline,-0.4624233686828471
online education,-0.4624233686828471
online,-0.4624233686828471
release new,-0.4624233686828471
commission release,-0.4624233686828471
standard,-0.4624233686828471
guideline online,-0.4624233686828471
guideline,-0.4624233686828471
university grant,-0.4624233686828471
satellite,-0.4894607122750821
satellite mission,-0.4894607122750821
late satellite,-0.4894607122750821
spaceport morning,-0.4894607122750821
successfully,-0.4894607122750821
launch late,-0.4894607122750821
sriharikota spaceport,-0.4894607122750821
mission,-0.4894607122750821
isro,-0.4894607122750821
mission sriharikota,-0.4894607122750821
morning,-0.4894607122750821
sriharikota,-0.4894607122750821
isro successfully,-0.4894607122750821
launch,-0.4894607122750821
successfully launch,-0.4894607122750821
late,-0.4894607122750821
spaceport,-0.4894607122750821
release,-0.5786143337236531
press release,-0.6214733633052084
official source,-0.6350573376047395
source,-0.6350573376047395
ministry,-0.6761123890816991
new,-0.6804344464883065
today,-0.6988087836016227
market,-0.6988087836016227
health,-0.7197613321743709
board,-0.7234805901304433
education,-0.7513082906938122
publish,-0.7618171397563017
press,-0.8513551525403987
government data,-0.8572052496212986
data,-1.0628923234218843
state,-1.117959766838538
india,-1.3060761262521152
announce,-1.378196714515684
